database_name,schema_name,table_name
ODS1Stage,Alerts,ProviderOfficeOASMissing
ODS1Stage,Archive,Market_ArchiveOutput
ODS1Stage,Archive,MarketShare_ArchiveOutput
ODS1Stage,Archive,MarketShareToClientProductEntity_ArchiveOutput
ODS1Stage,Archive,PartySpecialtyMarketOverride_ArchiveOutput
ODS1Stage,Base,AboutMe
ODS1Stage,Base,Address
ODS1Stage,Base,AddressType
ODS1Stage,Base,Affiliation
ODS1Stage,Base,AppointmentAvailability
ODS1Stage,Base,AppointmentOption
ODS1Stage,Base,Award
ODS1Stage,Base,AwardCategory
ODS1Stage,Base,AwardCategoryGhetto
ODS1Stage,Base,AwardGhetto
ODS1Stage,Base,AwardToCohortGhetto
ODS1Stage,Base,AwardToCondition
ODS1Stage,Base,AwardToProcedure
ODS1Stage,Base,AwardToServiceLineGhetto
ODS1Stage,Base,AwardToServiceLineToMessageToYear
ODS1Stage,Base,AwardToServiceLineToPageToYear
ODS1Stage,Base,AwardToServiceLineToParty
ODS1Stage,Base,AwardToServiceLineToPartyToMessageToYear
ODS1Stage,Base,AwardToServiceLineToPartyToPageToYear
ODS1Stage,Base,AwardToSpecialty
ODS1Stage,Base,BerylLanguageCodes
ODS1Stage,Base,BerylSpecialtyCodes
ODS1Stage,Base,BodyPartLevelOne
ODS1Stage,Base,BodyPartLevelOneToBodyPartLevelTwo
ODS1Stage,Base,BodyPartLevelTwo
ODS1Stage,Base,BodyPartLevelType
ODS1Stage,Base,BodyPartLevelTypeToBodyPartLevelOneToBodyPartLevelTwo
ODS1Stage,Base,BodyPartToCondition
ODS1Stage,Base,BodyPartToProcedureMedical
ODS1Stage,Base,CallCenter
ODS1Stage,Base,CallCenterToEmail
ODS1Stage,Base,CallCenterToPhone
ODS1Stage,Base,CallCenterType
ODS1Stage,Base,CertificationAgency
ODS1Stage,Base,CertificationAgencyToBoard
ODS1Stage,Base,CertificationAgencyToBoardToSpecialty
ODS1Stage,Base,CertificationBoard
ODS1Stage,Base,CertificationBoardToCertificationCategory
ODS1Stage,Base,CertificationCategory
ODS1Stage,Base,CertificationCategoryToMedicalTerm
ODS1Stage,Base,CertificationSpecialty
ODS1Stage,Base,CertificationStatus
ODS1Stage,Base,Channel
ODS1Stage,Base,CityStateCentroid
ODS1Stage,Base,CityStateNeighborhood
ODS1Stage,Base,CityStatePostalCode
ODS1Stage,Base,CityStatePostalCodeToStatisticalArea
ODS1Stage,Base,Client
ODS1Stage,Base,ClientEntityOpt
ODS1Stage,Base,ClientEntityOptType
ODS1Stage,Base,ClientEntityToClientFeature
ODS1Stage,Base,ClientFeature
ODS1Stage,Base,ClientFeatureGroup
ODS1Stage,Base,ClientFeatureToClientFeatureValue
ODS1Stage,Base,ClientFeatureValue
ODS1Stage,Base,ClientMarketLoad
ODS1Stage,Base,ClientMarketLoadExceptions
ODS1Stage,Base,ClientMarketLoadHeader
ODS1Stage,Base,ClientProductEntityRelationship
ODS1Stage,Base,ClientProductEntitySourceIdentifier
ODS1Stage,Base,ClientProductEntityToDisplayPartnerPhone
ODS1Stage,Base,ClientProductEntityToImage
ODS1Stage,Base,ClientProductEntityToPhone
ODS1Stage,Base,ClientProductEntityToURL
ODS1Stage,Base,ClientProductImage
ODS1Stage,Base,ClientProductToCallCenter
ODS1Stage,Base,ClientProductToClientFeatureGroup
ODS1Stage,Base,ClientProductToEntity
ODS1Stage,Base,ClientProductToPartner
ODS1Stage,Base,ClientToOASPartner
ODS1Stage,Base,ClientToPageToMessage
ODS1Stage,Base,ClientToProduct
ODS1Stage,Base,ClientToProductRevenueDetail
ODS1Stage,Base,ClinicalFocus
ODS1Stage,Base,ClinicalFocus_20210126_091539
ODS1Stage,Base,ClinicalFocus_20210518_170430
ODS1Stage,Base,ClinicalFocus_20211105
ODS1Stage,Base,ClinicalFocusDCP
ODS1Stage,Base,ClinicalFocusDCP_20210126_091902
ODS1Stage,Base,ClinicalFocusDCP_20211118_115400
ODS1Stage,Base,ClinicalFocusDCP_BAD
ODS1Stage,Base,ClinicalFocusProviderData
ODS1Stage,Base,ClinicalFocusProviderData_20210126_092009
ODS1Stage,Base,ClinicalFocusProviderData_20210518_170056
ODS1Stage,Base,ClinicalFocusProviderData_20211118_115400
ODS1Stage,Base,ClinicalFocusProviderData_BAD
ODS1Stage,Base,ClinicalFocusRule
ODS1Stage,Base,ClinicalFocusToCondition
ODS1Stage,Base,ClinicalFocusToDiscipline
ODS1Stage,Base,ClinicalFocusToMedicalterm
ODS1Stage,Base,ClinicalFocusToProcedureMedical
ODS1Stage,Base,ClinicalFocusToSpecialty
ODS1Stage,Base,ClinicalFocusToSpecialty_20210126_092134
ODS1Stage,Base,ClinicalFocusToSpecialty_20210518_170056
ODS1Stage,Base,ClinicalFocusToSpecialty_20211118_115400
ODS1Stage,Base,CohortToCondition
ODS1Stage,Base,CohortToProcedure
ODS1Stage,Base,CohortToSpecialty
ODS1Stage,Base,ConditionSynonym
ODS1Stage,Base,ConditionToCondition
ODS1Stage,Base,ConditionToConditionVolumeMapping
ODS1Stage,Base,DaysOfWeek
ODS1Stage,Base,Degree
ODS1Stage,Base,DestinationPhoneNumberType
ODS1Stage,Base,Discipline
ODS1Stage,Base,DisplaySpecialtyRule
ODS1Stage,Base,DisplaySpecialtyRuleToCertificationSpecialty
ODS1Stage,Base,DisplaySpecialtyRuleToClinicalFocus
ODS1Stage,Base,DisplaySpecialtyRuleToSpecialty
ODS1Stage,Base,DisplayStatus
ODS1Stage,Base,EducationInstitution
ODS1Stage,Base,EducationInstitution_20220102
ODS1Stage,Base,EducationInstitutionType
ODS1Stage,Base,Email
ODS1Stage,Base,EmailType
ODS1Stage,Base,EntityToMedicalTerm
ODS1Stage,Base,EntityToMedicalTermToCertificationBoard
ODS1Stage,Base,EntityToMetric
ODS1Stage,Base,EntityType
ODS1Stage,Base,ExperienceBoostWeight
ODS1Stage,Base,ExternalOASPartner
ODS1Stage,Base,Facility
ODS1Stage,Base,FacilityAwardPriority
ODS1Stage,Base,FacilityAwardPriorityToParty
ODS1Stage,Base,FacilityCheckInURL
ODS1Stage,Base,FacilityGoAround
ODS1Stage,Base,FacilityHours
ODS1Stage,Base,FacilityHours_backup
ODS1Stage,Base,FacilityImage
ODS1Stage,Base,FacilityImage_20211217
ODS1Stage,Base,FacilitySyndication
ODS1Stage,Base,FacilitySyndication_BACKUP
ODS1Stage,Base,FacilityToAddress
ODS1Stage,Base,FacilityToCondition
ODS1Stage,Base,FacilityToFacilityType
ODS1Stage,Base,FacilityToImage
ODS1Stage,Base,FacilityToLanguage
ODS1Stage,Base,FacilityToProcedureMedical
ODS1Stage,Base,FacilityToService
ODS1Stage,Base,FacilityType
ODS1Stage,Base,FacilityVideo
ODS1Stage,Base,ForwardingPhoneVendor
ODS1Stage,Base,Gender
ODS1Stage,Base,GeographicArea
ODS1Stage,Base,GeographicAreaType
ODS1Stage,Base,HealthInsurancePayor
ODS1Stage,Base,HealthInsurancePayor_20220721
ODS1Stage,Base,HealthInsurancePayorOrganization
ODS1Stage,Base,HealthInsurancePlan
ODS1Stage,Base,HealthInsurancePlan_20220721
ODS1Stage,Base,HealthInsurancePlanToPlanType
ODS1Stage,Base,HealthInsurancePlanToPlanType_20220721
ODS1Stage,Base,healthinsuranceplantoplantype_dup
ODS1Stage,Base,HealthInsurancePlanType
ODS1Stage,Base,HGProcedureGroup
ODS1Stage,Base,HonorRollType
ODS1Stage,Base,hosp_awards_priority_message
ODS1Stage,Base,hosp_contract_details
ODS1Stage,Base,IdentificationType
ODS1Stage,Base,Image
ODS1Stage,Base,ImagePath
ODS1Stage,Base,ImageType
ODS1Stage,Base,InsuranceGroup
ODS1Stage,Base,InsuranceGroupToInsuranceProduct
ODS1Stage,Base,InsuranceProduct_SCPOKITDOK
ODS1Stage,Base,IsSearchableSuppressGeneralSuppressionRule
ODS1Stage,Base,Language
ODS1Stage,Base,LicenseType
ODS1Stage,Base,LicenseTypeToSpecialtyGroupToState
ODS1Stage,Base,LineageTableLevel
ODS1Stage,Base,LineOfService
ODS1Stage,Base,LineOfServiceType
ODS1Stage,Base,LocationType
ODS1Stage,Base,MalpracticeClaimType
ODS1Stage,Base,MalpracticeState
ODS1Stage,Base,MarchexNumbers
ODS1Stage,Base,Market
ODS1Stage,Base,MarketMaster
ODS1Stage,Base,MarketShare
ODS1Stage,Base,MarketShareToClientProductEntity
ODS1Stage,Base,MediaContextType
ODS1Stage,Base,MediaImageHost
ODS1Stage,Base,MediaImageType
ODS1Stage,Base,MediaImageTypeToSize
ODS1Stage,Base,MediaReviewLevel
ODS1Stage,Base,MediaSize
ODS1Stage,Base,MediaType
ODS1Stage,Base,MediaVideoHost
ODS1Stage,Base,MedicalTerm
ODS1Stage,Base,MedicalTerm_backup_02082024
ODS1Stage,Base,MedicalTermGhetto
ODS1Stage,Base,MedicalTermSet
ODS1Stage,Base,MedicalTermType
ODS1Stage,Base,Message
ODS1Stage,Base,MessageEntityToMessageEntityType
ODS1Stage,Base,MessageEntityType
ODS1Stage,Base,MessagePage
ODS1Stage,Base,MessageToMessageEntity
ODS1Stage,Base,MessageToMessageToEntityToPageToYear
ODS1Stage,Base,MessageType
ODS1Stage,Base,MessageYear
ODS1Stage,Base,Metric
ODS1Stage,Base,MetricType
ODS1Stage,Base,MobilePhoneHack
ODS1Stage,Base,MOCLevel
ODS1Stage,Base,MOCPathway
ODS1Stage,Base,Nation
ODS1Stage,Base,NoIndexNoFollow
ODS1Stage,Base,NoIndexNoFollowSC
ODS1Stage,Base,NTileType
ODS1Stage,Base,OARPartners
ODS1Stage,Base,OASPartner
ODS1Stage,Base,Office
ODS1Stage,Base,Office_20220412
ODS1Stage,Base,OfficeCodeOldToNew
ODS1Stage,Base,OfficeHours
ODS1Stage,Base,OfficeImage
ODS1Stage,Base,OfficeRedirect
ODS1Stage,Base,OfficeSyndication
ODS1Stage,Base,OfficeSyndication_BACKUP
ODS1Stage,Base,OfficeToAddress
ODS1Stage,Base,OfficeToPhone
ODS1Stage,Base,OfficeVideo
ODS1Stage,Base,OpenCommentsSpecialtyCode
ODS1Stage,Base,OptInClientProductToEntity
ODS1Stage,Base,OptInProviderClient
ODS1Stage,Base,Organization
ODS1Stage,Base,OrganizationToImagePath
ODS1Stage,Base,Page
ODS1Stage,Base,Partner
ODS1Stage,Base,PartnerToEntity
ODS1Stage,Base,PartnerToEntity_20220804DF
ODS1Stage,Base,PartnerType
ODS1Stage,Base,Party
ODS1Stage,Base,PartyRecentAccess
ODS1Stage,Base,PartySpecialtyMarketOverride
ODS1Stage,Base,PartySpecialtyMarketOverride_ArchiveOutput
ODS1Stage,Base,PartyType
ODS1Stage,Base,PDCAwardToServiceLine
ODS1Stage,Base,PDCLocationTarget
ODS1Stage,Base,PDCTestPhoneNumber
ODS1Stage,Base,Phone
ODS1Stage,Base,Phone_BACKUP20211104
ODS1Stage,Base,PhoneForwardingPhone
ODS1Stage,Base,PhoneType
ODS1Stage,Base,Position
ODS1Stage,Base,Practice
ODS1Stage,Base,PracticeEmail
ODS1Stage,Base,PracticeImage
ODS1Stage,Base,PracticeVideo
ODS1Stage,Base,PrescriptionNTile
ODS1Stage,Base,PrescriptionNTileToUSC3ToSpecialty
ODS1Stage,Base,ProcedureMedicalToProcedureMedical
ODS1Stage,Base,ProcedureSynonym
ODS1Stage,Base,ProcedureToProcedureVolumeMapping
ODS1Stage,Base,Product
ODS1Stage,Base,ProductGroup
ODS1Stage,Base,ProductToClientFeatureGroup
ODS1Stage,Base,Provider
ODS1Stage,Base,Provider_NullProviderCode
ODS1Stage,Base,ProviderAppointmentAvailabilityStatement
ODS1Stage,Base,ProviderBiography
ODS1Stage,Base,providerBlankProviderCodees
ODS1Stage,Base,ProviderDEA
ODS1Stage,Base,ProviderDEA_backup
ODS1Stage,Base,ProviderEmail
ODS1Stage,Base,ProviderGoogleOARSuppression
ODS1Stage,Base,ProviderHash_Base
ODS1Stage,Base,ProviderHash_BASEPrism
ODS1Stage,Base,ProviderHold
ODS1Stage,Base,ProviderIdentification
ODS1Stage,Base,ProviderImage
ODS1Stage,Base,ProviderLastUpdateDate
ODS1Stage,Base,ProviderLegacyKeys
ODS1Stage,Base,ProviderLicense
ODS1Stage,Base,ProviderMalpractice
ODS1Stage,Base,ProviderMedia
ODS1Stage,Base,ProviderMetricSummary
ODS1Stage,Base,ProviderOfficeSyndication
ODS1Stage,Base,ProviderPartnerApproval
ODS1Stage,Base,ProviderReasonEndDate
ODS1Stage,Base,ProviderRedirect
ODS1Stage,Base,ProviderRedirectLegacy
ODS1Stage,Base,ProviderRemoval
ODS1Stage,Base,ProviderRole
ODS1Stage,Base,ProviderSanction
ODS1Stage,Base,ProviderSpecialtyZScore
ODS1Stage,Base,ProviderSpecialtyZScore1
ODS1Stage,Base,ProviderSubType
ODS1Stage,Base,ProviderSurveyAverages
ODS1Stage,Base,ProviderSurveyResponse
ODS1Stage,Base,ProviderSurveySuppression
ODS1Stage,Base,ProvidersWithSponsorshipIssues
ODS1Stage,Base,ProviderToAboutMe
ODS1Stage,Base,ProviderToAffiliation
ODS1Stage,Base,ProviderToAppointmentAvailability
ODS1Stage,Base,ProviderToAppointmentOption
ODS1Stage,Base,ProviderToAuditID
ODS1Stage,Base,ProviderToAward
ODS1Stage,Base,ProviderToCertificationSpecialty
ODS1Stage,Base,ProviderToClientProductToDisplayPartner
ODS1Stage,Base,ProviderToClientToOASPartner
ODS1Stage,Base,ProviderToClinicalFocus
ODS1Stage,Base,ProviderToConditionAdTargeting
ODS1Stage,Base,ProviderToCustomerToProductToFeature
ODS1Stage,Base,ProviderToDegree
ODS1Stage,Base,ProviderToDisplaySpecialty
ODS1Stage,Base,ProviderToDisplayStatus
ODS1Stage,Base,ProviderToEducationInstitution
ODS1Stage,Base,ProviderToEducationInstitution_20220102
ODS1Stage,Base,ProviderToFacility
ODS1Stage,Base,ProviderToFacilityToMedicalTerm
ODS1Stage,Base,ProviderToFacilityToMedicalTerm_SWAP
ODS1Stage,Base,ProviderToHealthInsurance
ODS1Stage,Base,ProviderToImage
ODS1Stage,Base,ProviderToLanguage
ODS1Stage,Base,ProviderToMAPCustomerProduct
ODS1Stage,Base,ProviderToOffice
ODS1Stage,Base,ProviderToOfficeToAppointmentAvailability
ODS1Stage,Base,ProviderToOfficeToCustomerToProductToPhone
ODS1Stage,Base,ProviderToOrganization
ODS1Stage,Base,ProviderToPrescriptionNTile
ODS1Stage,Base,ProviderToProcedureMedicalAdTargeting
ODS1Stage,Base,ProviderToProviderSubType
ODS1Stage,Base,ProviderToProviderType
ODS1Stage,Base,ProviderToReasonEndDate
ODS1Stage,Base,ProviderToSpecialty
ODS1Stage,Base,ProviderToSpecialtyExperienceScore
ODS1Stage,Base,ProviderToSubStatus
ODS1Stage,Base,ProviderToTelehealthMethod
ODS1Stage,Base,ProviderTraining
ODS1Stage,Base,ProviderType
ODS1Stage,Base,ProviderTypeDetail
ODS1Stage,Base,ProviderTypeDetailToDegree
ODS1Stage,Base,ProviderTypeDetailToMedicalTerm
ODS1Stage,Base,ProviderTypeToCondition
ODS1Stage,Base,ProviderTypeToMedicalTerm
ODS1Stage,Base,ProviderTypeToProcedureMedical
ODS1Stage,Base,ProviderTypeToSpecialty
ODS1Stage,Base,ProviderTypeToSpecialtySearch
ODS1Stage,Base,ProviderURL
ODS1Stage,Base,ProviderVideo
ODS1Stage,Base,QualityBoostWeight
ODS1Stage,Base,RatingsStarMapping
ODS1Stage,Base,RatingsStarMappingGhetto
ODS1Stage,Base,ReasonEndDate
ODS1Stage,Base,RelationshipType
ODS1Stage,Base,SanctionAction
ODS1Stage,Base,SanctionActionType
ODS1Stage,Base,SanctionCategory
ODS1Stage,Base,SanctionType
ODS1Stage,Base,SatisfactionBoostWeight
ODS1Stage,Base,Service
ODS1Stage,Base,ServiceLineToCondition
ODS1Stage,Base,ServiceLineToProcedure
ODS1Stage,Base,ServiceLineToSpecialty
ODS1Stage,Base,Source
ODS1Stage,Base,SourceToSubStatus
ODS1Stage,Base,Specialty
ODS1Stage,Base,SpecialtyExperienceScore_EDP_SWAP
ODS1Stage,Base,SpecialtyGroup
ODS1Stage,Base,SpecialtyGroupCategory
ODS1Stage,Base,SpecialtyGroupSynonym
ODS1Stage,Base,SpecialtyGroupToSpecialty
ODS1Stage,Base,SpecialtyGroupToSpecialtyGroupCategory
ODS1Stage,Base,SpecialtyLevel
ODS1Stage,Base,SpecialtySynonym
ODS1Stage,Base,SpecialtyToCertificationSpecialty
ODS1Stage,Base,SpecialtyToCondition
ODS1Stage,Base,SpecialtyToDegree
ODS1Stage,Base,SpecialtyToProcedureMedical
ODS1Stage,Base,SpecialtyToProviderType
ODS1Stage,Base,SpecialtyToServiceLine
ODS1Stage,Base,SponsorshipRemovalList
ODS1Stage,Base,State
ODS1Stage,Base,StateReportingAgency
ODS1Stage,Base,StatisticalArea
ODS1Stage,Base,StatisticalAreaType
ODS1Stage,Base,SubjectCommentTargetType
ODS1Stage,Base,SubjectCommentToSubjectCommentTarget
ODS1Stage,Base,SubStatus
ODS1Stage,Base,Suffix
ODS1Stage,Base,Survey
ODS1Stage,Base,SurveyAnswer
ODS1Stage,Base,SurveyDeactivationReason
ODS1Stage,Base,SurveyFootnote
ODS1Stage,Base,SurveyFootnoteType
ODS1Stage,Base,SurveyGroup
ODS1Stage,Base,SurveyNationalAverages
ODS1Stage,Base,SurveyQuestion
ODS1Stage,Base,SurveyQuestionAnswer
ODS1Stage,Base,SurveyQuestionAnswerFormat
ODS1Stage,Base,SurveyQuestionGroup
ODS1Stage,Base,SurveyQuestionTempletConfiguration
ODS1Stage,Base,SurveySuppressionReason
ODS1Stage,Base,SurveySuppressionReason2
ODS1Stage,Base,SurveyToQuestionToAnswer
ODS1Stage,Base,SurveyToSurveyQuestion
ODS1Stage,Base,SyndicationPartner
ODS1Stage,Base,TelehealthMethod
ODS1Stage,Base,TelehealthMethodType
ODS1Stage,Base,TempSpecialtyToServiceLineGhetto
ODS1Stage,Base,Training
ODS1Stage,Base,TreatmentLevel
ODS1Stage,Base,UpdateDegreeMapping
ODS1Stage,Base,URL
ODS1Stage,Base,URLType
ODS1Stage,Base,USC3
ODS1Stage,Base,Year
ODS1Stage,callprov,PhoneNumbersToDeactivate
ODS1Stage,CASS,AddressAccuracy
ODS1Stage,CASS,AddressAccuracy_Temp
ODS1Stage,CASS,AddressAccuracy_XFR
ODS1Stage,CASS,AddressReview
ODS1Stage,cf,ClinicalFocusSpecialtyTriggers
ODS1Stage,cfg,LastUpdateDateExclusion
ODS1Stage,Checks,ClientToProductProvider
ODS1Stage,Checks,PracticeCounts
ODS1Stage,Checks,ProductProviderCounts
ODS1Stage,Checks,ProductProviderCountsOAS
ODS1Stage,Checks,ProductProviderCountsSurvey
ODS1Stage,Config,ETLParameters
ODS1Stage,Config,ODSBackupSchedule
ODS1Stage,DataScience,ClinicalFocusToDCP
ODS1Stage,DataScience,ProvidersHMSClaimsTestBatch
ODS1Stage,DataScience,SpecialtyToMedicalTerm
ODS1Stage,DataScience,testmedical_to_specialty
ODS1Stage,DataScience,TreatmentLevel
ODS1Stage,dbo,(DST) ProviderImage
ODS1Stage,dbo,ADV_CAMPAIGN
ODS1Stage,dbo,checkthisdumbshitout
ODS1Stage,dbo,Cimzia_Available_for_Sponsorship
ODS1Stage,dbo,Cimzia_Dataset
ODS1Stage,dbo,Cimzia_RA_Market_Evaluation
ODS1Stage,dbo,Cimzia_RA_Market_Results
ODS1Stage,dbo,cimzia_ra_target_list
ODS1Stage,dbo,ClientCertXml
ODS1Stage,dbo,ConfigODS1StageToAdmin
ODS1Stage,dbo,ConsolidatedProvidersAdded
ODS1Stage,dbo,DCPHierarchy
ODS1Stage,dbo,DeltaDignityProviders_20161003
ODS1Stage,dbo,DignityDataCuzTheyMad
ODS1Stage,dbo,DignityFADFacilities
ODS1Stage,dbo,DignityFADReport
ODS1Stage,dbo,FacilityGoAround
ODS1Stage,dbo,FakeClientDataForUnknownCalls
ODS1Stage,dbo,FCNPA
ODS1Stage,dbo,final_result
ODS1Stage,dbo,FixAthenaOAS
ODS1Stage,dbo,FixErroneousPracticeOfficeXML
ODS1Stage,dbo,FixMetroCovenantMarketSettings
ODS1Stage,dbo,FixNWLAKEF
ODS1Stage,dbo,FixPearland
ODS1Stage,dbo,FixProvidenceFaxNum
ODS1Stage,dbo,FixSesameLogos
ODS1Stage,dbo,fk
ODS1Stage,dbo,FullName
ODS1Stage,dbo,InactiveProviders
ODS1Stage,dbo,IssueSubset
ODS1Stage,dbo,LN_Query
ODS1Stage,dbo,MarketDeleteMe
ODS1Stage,dbo,MarketUpdateMe
ODS1Stage,dbo,MedicalRelationshipWithInt_new
ODS1Stage,dbo,MERESTRFIX
ODS1Stage,dbo,MigrateClientEntityToClientFeature
ODS1Stage,dbo,MigrateClientProductEntityRelationship
ODS1Stage,dbo,MigrateClientProductEntityToImage
ODS1Stage,dbo,MigrateClientProductEntityToPhone
ODS1Stage,dbo,MigrateClientProductEntityToURL
ODS1Stage,dbo,MigrateClientProductToEntity
ODS1Stage,dbo,MigrateMarketShareToClientProductEntity
ODS1Stage,dbo,MoveCPETP
ODS1Stage,dbo,MoveMe
ODS1Stage,dbo,MoveMePrac
ODS1Stage,dbo,MovePhone
ODS1Stage,dbo,OASAppointmentType
ODS1Stage,dbo,OASDistribution
ODS1Stage,dbo,OASXMLUpdate
ODS1Stage,dbo,OFFICEOLDGHETTO
ODS1Stage,dbo,oldpracticeghetto
ODS1Stage,dbo,PartnerToEntityTrend
ODS1Stage,dbo,PartnerToOASDistribution
ODS1Stage,dbo,PartnerToOASDistributionToOASAppointmentMessage
ODS1Stage,dbo,PBHClient
ODS1Stage,dbo,PBHClientCampaign
ODS1Stage,dbo,PBHProvider
ODS1Stage,dbo,PBHProvider_20200215
ODS1Stage,dbo,PBHProvider_OG
ODS1Stage,dbo,PBHProviderCampaign
ODS1Stage,dbo,PBHProviderCampaign_OG
ODS1Stage,dbo,PDCCallCenterFix
ODS1Stage,dbo,PDCConsolidatedProviders
ODS1Stage,dbo,PDCPhoneRestore
ODS1Stage,dbo,PDCPhoneRestore2
ODS1Stage,dbo,PDCTest19Update
ODS1Stage,dbo,PDCTestPhoneNumberRaw
ODS1Stage,dbo,PDCTestPhoneNumberRaw2
ODS1Stage,dbo,PopularSearchTerm
ODS1Stage,dbo,PracLink
ODS1Stage,dbo,ProviderAltCareSpecFix
ODS1Stage,dbo,ProviderDblMeta
ODS1Stage,dbo,ProviderImageFix_20161129
ODS1Stage,dbo,ProviderProfileViewOneYear
ODS1Stage,dbo,ProviderSponsorshipBadPracticeData
ODS1Stage,dbo,ProviderSuppressSurvey
ODS1Stage,dbo,ProviderSurveyAggregate
ODS1Stage,dbo,ProviderSurveyAggregate_20230131DF
ODS1Stage,dbo,ProviderUpdateSurveyPESScoreAndCount
ODS1Stage,dbo,ProviderVideoProcessData
ODS1Stage,dbo,ProviderWebID
ODS1Stage,dbo,QualityMessageForODS
ODS1Stage,dbo,Query
ODS1Stage,dbo,Query_results_no_comment
ODS1Stage,dbo,Query1
ODS1Stage,dbo,QueryLoadDate
ODS1Stage,dbo,Quotes
ODS1Stage,dbo,RefClinicalFocus
ODS1Stage,dbo,refClinicalFocusProviderRuleResults
ODS1Stage,dbo,reltioentityidvalues
ODS1Stage,dbo,RequestedMarketLocationsMissingFromODS2
ODS1Stage,dbo,result
ODS1Stage,dbo,result (2)
ODS1Stage,dbo,RootCanalProviders
ODS1Stage,dbo,SALES_SECTORS
ODS1Stage,dbo,SanctionCategoryRemove
ODS1Stage,dbo,SEC_ADV_CAMPAIGN
ODS1Stage,dbo,SesamePhoneFix
ODS1Stage,dbo,SesameRestore
ODS1Stage,dbo,SesameUpdate
ODS1Stage,dbo,ShouldBeInODS
ODS1Stage,dbo,SNVFacilities
ODS1Stage,dbo,SNVMarkets
ODS1Stage,dbo,SOLRProvider_zf
ODS1Stage,dbo,SOLRProviderXarelto
ODS1Stage,dbo,source_delete_me
ODS1Stage,dbo,SpecialtyTransferMe
ODS1Stage,dbo,SpecialtyUpdate
ODS1Stage,dbo,sponsorshit
ODS1Stage,dbo,SQL_query_table
ODS1Stage,dbo,StageFix
ODS1Stage,dbo,SurveyApprovedForceConfirm
ODS1Stage,dbo,SurveyShit_ods1stage_20231022DF
ODS1Stage,dbo,SurveyShit20231022DF
ODS1Stage,dbo,SurveyUpdate
ODS1Stage,dbo,SurveyUpdateDocs
ODS1Stage,dbo,SynonymMappingsForSEO
ODS1Stage,dbo,sysdiagrams
ODS1Stage,dbo,T1
ODS1Stage,dbo,TelemedRemoveMarket
ODS1Stage,dbo,Temp_ODS1StageBaseOffice
ODS1Stage,dbo,Temp_ODS1StageBaseProvider
ODS1Stage,dbo,temp_OfficeCodeDuplicate
ODS1Stage,dbo,Temp1
ODS1Stage,dbo,test112
ODS1Stage,dbo,teststuff
ODS1Stage,dbo,UpdateMe
ODS1Stage,dbo,UpdateSponsorship
ODS1Stage,dbo,USR_ADV_CAMPAIGN
ODS1Stage,dbo,USRS
ODS1Stage,dbo,uwmc
ODS1Stage,dbo,zipcode
ODS1Stage,Delta,ProviderProfile
ODS1Stage,EMailAlerts,ProviderSanctionsMalPractice
ODS1Stage,etl,ClientProductEntityRelationship
ODS1Stage,etl,ClientProductToEntity
ODS1Stage,etl,EntityToMedicalTerm
ODS1Stage,etl,MarketShareToClientProductEntity
ODS1Stage,etl,PortalProviderToFacilityEDP
ODS1Stage,etl,PracticeTemp
ODS1Stage,etl,ProviderPriorityLoad
ODS1Stage,etl,ProviderProcedureCondition
ODS1Stage,etl,ProviderToOfficeTemp
ODS1Stage,extract,Condition
ODS1Stage,extract,Procedure
ODS1Stage,extract,ShareCareProvider
ODS1Stage,extract,ShareCareProviderLocation
ODS1Stage,Facility,Award
ODS1Stage,Facility,AwardToMedicalTerm
ODS1Stage,Facility,FacilityAddressDetail
ODS1Stage,Facility,FacilityAwardMessage
ODS1Stage,Facility,FacilityDetail
ODS1Stage,Facility,FacilityHGDisplayProcedures
ODS1Stage,Facility,FacilityParentChild
ODS1Stage,Facility,FacilityToAward
ODS1Stage,Facility,FacilityToCertification
ODS1Stage,Facility,FacilityToExecLevelTeam
ODS1Stage,Facility,FacilityToFacilitySearchType
ODS1Stage,Facility,FacilityToMaternityDetail
ODS1Stage,Facility,FacilityToOrganTransplantRatings
ODS1Stage,Facility,FacilityToProcedureRating
ODS1Stage,Facility,FacilityToProcessMeasures
ODS1Stage,Facility,FacilityToRating
ODS1Stage,Facility,FacilityToServiceLineRating
ODS1Stage,Facility,FacilityToSurvey
ODS1Stage,Facility,FacilityToTraumaLevel
ODS1Stage,Facility,FacSearchType
ODS1Stage,Facility,HospitalDetail
ODS1Stage,Facility,Procedure
ODS1Stage,Facility,ProcedureRatingsNationalAverage
ODS1Stage,Facility,ProcedureToAward
ODS1Stage,Facility,ProcedureToServiceLine
ODS1Stage,Facility,ProcessMeasure
ODS1Stage,Facility,ProcessMeasureScore
ODS1Stage,Facility,Rating
ODS1Stage,Facility,ServiceLine
ODS1Stage,Facility,StateNationalProcedureRatingsAverage
ODS1Stage,Facility,StateNationalSurveyScore
ODS1Stage,Facility,vwuFacilityHGDisplayProcedures
ODS1Stage,hack,allsponsored
ODS1Stage,hack,duplicatingproviders
ODS1Stage,hack,ELS06
ODS1Stage,hack,ELS07
ODS1Stage,hack,EYL01_1
ODS1Stage,hack,HCATrackingPhoneHack
ODS1Stage,hack,HGA01
ODS1Stage,hack,HGA02
ODS1Stage,hack,HRTLNDPhonesForEPP
ODS1Stage,hack,IsDeletedImagesHack
ODS1Stage,hack,key02
ODS1Stage,hack,KEY03
ODS1Stage,hack,missingproviders
ODS1Stage,hack,NYPRESOFFICEPRACTICE
ODS1Stage,hack,OASCrap
ODS1Stage,hack,oascrapBACKUP
ODS1Stage,hack,OASCrapPreEDPSource
ODS1Stage,hack,oasxmlnewfix
ODS1Stage,hack,OHFITISBADFORDISPLAY
ODS1Stage,hack,OhOASHowYouAreMyHatred
ODS1Stage,hack,OZE04
ODS1Stage,hack,OZE05
ODS1Stage,hack,PCTCAOfficesPractcies
ODS1Stage,hack,RBY01
ODS1Stage,hack,RevenueWellComplains
ODS1Stage,hack,RIN02
ODS1Stage,hack,RINVOQ
ODS1Stage,hack,RYB01
ODS1Stage,hack,RYB02
ODS1Stage,hack,RYB03
ODS1Stage,hack,RYB04
ODS1Stage,hack,SAX01
ODS1Stage,hack,SAX02
ODS1Stage,hack,StillMissingOfficesMaybe
ODS1Stage,hack,tre03
ODS1Stage,hack,TRE04
ODS1Stage,hack,UnsurvivableOffices
ODS1Stage,HGMD,ProviderProfileVisits
ODS1Stage,inv,ProviderMissingUnionJSON
ODS1Stage,Legacy,CertificationBoard
ODS1Stage,Legacy,CertificationStatus
ODS1Stage,Legacy,ProviderInterest
ODS1Stage,Logging,HGMDProcedureResults
ODS1Stage,map,CustomerProductColumnRename
ODS1Stage,Mid,BerylExtract
ODS1Stage,Mid,BerylOfficeHours
ODS1Stage,Mid,BerylPhysician
ODS1Stage,Mid,BerylPhysicianAreaOfInterest
ODS1Stage,Mid,BerylPhysicianEducation
ODS1Stage,Mid,BerylPhysicianHospital
ODS1Stage,Mid,BerylPhysicianInsurance
ODS1Stage,Mid,BerylPhysicianMembership
ODS1Stage,Mid,BerylPhysicianOffice
ODS1Stage,Mid,BerylPhysicianOfficeLanguage
ODS1Stage,Mid,BerylPhysicianPayment
ODS1Stage,Mid,BerylPhysicianSpecialty
ODS1Stage,Mid,ClientMarket
ODS1Stage,Mid,Facility
ODS1Stage,Mid,facility_MJR
ODS1Stage,Mid,GeographicArea
ODS1Stage,Mid,GoogleOffices
ODS1Stage,Mid,LineOfService
ODS1Stage,Mid,METProvider
ODS1Stage,Mid,OfficeSpecialty
ODS1Stage,Mid,PartnerEntity
ODS1Stage,Mid,Practice
ODS1Stage,Mid,PracticeSponsorship
ODS1Stage,Mid,Provider
ODS1Stage,Mid,ProviderAffiliation
ODS1Stage,Mid,ProviderCondition
ODS1Stage,Mid,ProviderDelimitedAttribute
ODS1Stage,Mid,ProviderEducation
ODS1Stage,Mid,ProviderFacility
ODS1Stage,Mid,ProviderFacility_MJR
ODS1Stage,Mid,ProviderHealthInsurance
ODS1Stage,Mid,ProviderInternalURL
ODS1Stage,Mid,ProviderLanguage
ODS1Stage,Mid,ProviderLicense
ODS1Stage,Mid,ProviderMalpractice
ODS1Stage,Mid,ProviderMetricSummary
ODS1Stage,Mid,ProviderOfficeTracking
ODS1Stage,Mid,ProviderOfficeTracking_ExistingPhoneTypes
ODS1Stage,Mid,ProviderPracticeOffice
ODS1Stage,Mid,ProviderPracticeOfficeNumberReplacement
ODS1Stage,Mid,ProviderProcedure
ODS1Stage,Mid,ProviderRecognition
ODS1Stage,Mid,ProviderSanction
ODS1Stage,Mid,ProviderSpecialty
ODS1Stage,Mid,ProviderSpecialtyFacilityServiceLineRating
ODS1Stage,Mid,ProviderSponsorship
ODS1Stage,Mid,ProviderSurvey
ODS1Stage,Mid,ProviderSurveyResponse
ODS1Stage,Mid,StandardExtractProvider
ODS1Stage,Mid,SurveyQuestionRangeMapping
ODS1Stage,MOakman,quotes
ODS1Stage,portal,ProviderDashboardData
ODS1Stage,portal,ProviderDashboardDataLog
ODS1Stage,qa,ExceptionReport
ODS1Stage,qa,ExceptionReportExceptions
ODS1Stage,qa,ExceptionReportSourceCodes
ODS1Stage,qa,FillRatesHolding
ODS1Stage,qa,healthmaster_devindex
ODS1Stage,qa,healthmaster_prodindex
ODS1Stage,qa,ImageFileExportLog
ODS1Stage,qa,MidProviderSponsorshipXtra
ODS1Stage,qa,MissingCerts
ODS1Stage,qa,MissingCertsLegacy
ODS1Stage,qa,ODS1StageToLegacyFillRate
ODS1Stage,qa,ODS1StageToLegacyTableCounts
ODS1Stage,qa,QAClientFeatureLegacyXFR
ODS1Stage,qa,SpecialtyCertificationHG2
ODS1Stage,qa,SpecialtyCertificationLegacy
ODS1Stage,qa,TransitToODS1StageTableCounts
ODS1Stage,raw,OfficeProfileProcessingDeDup
ODS1Stage,Ref,Condition
ODS1Stage,Ref,EducationInstitution
ODS1Stage,Ref,EducationInstitutionToEducationInstitutionType
ODS1Stage,Ref,MedicalTermClaimsCalculations
ODS1Stage,ReportAlerts,ClientMarketHistory
ODS1Stage,scdghcorp,ProviderCertification
ODS1Stage,Show,ClientContract
ODS1Stage,Show,ConsolidatedProviders
ODS1Stage,Show,DelayClient
ODS1Stage,Show,DelayClientFuture
ODS1Stage,Show,HasMalpracticeState
ODS1Stage,Show,HCA_OASXML
ODS1Stage,Show,Market
ODS1Stage,Show,MedicalTermContent
ODS1Stage,Show,MedicalTermMMPPreview
ODS1Stage,Show,ProcCondDirectoryCityCount
ODS1Stage,Show,ProcCondDirectoryProviderCount
ODS1Stage,Show,ProcedureConditionXML
ODS1Stage,Show,ProviderAttributeMetadata
ODS1Stage,Show,ProviderCodesInLegacyNotInEDP
ODS1Stage,Show,ProviderProcedureConditionV2
ODS1Stage,Show,ProvidersForMiddleInitialTest
ODS1Stage,Show,ProviderSourceUpdate
ODS1Stage,Show,ProvidersWithOpenComments
ODS1Stage,Show,SOLRAutosuggestRefData
ODS1Stage,Show,SOLRCityStatePopulationRank
ODS1Stage,Show,SOLRColumnSource
ODS1Stage,Show,SOLRConditionToSpecialtyMapping
ODS1Stage,Show,SOLRDeltaType
ODS1Stage,Show,SOLRFacility
ODS1Stage,Show,SOLRFacility_df20200615
ODS1Stage,Show,solrfacility_MJR
ODS1Stage,Show,SOLRFacilityDelta
ODS1Stage,Show,SOLRFacilityFallRatings
ODS1Stage,Show,SOLRFacilityObjection
ODS1Stage,Show,SOLRFacilityProcedure
ODS1Stage,Show,SOLRGeographicArea
ODS1Stage,Show,SOLRGeographicAreaDelta
ODS1Stage,Show,SOLRLineOfService
ODS1Stage,Show,SOLRLineOfServiceDelta
ODS1Stage,Show,SOLRMarket
ODS1Stage,Show,SOLRMarketDelta
ODS1Stage,Show,SOLROffice
ODS1Stage,Show,SOLROfficeDelta
ODS1Stage,Show,SOLRParentDelta
ODS1Stage,Show,SOLRPractice
ODS1Stage,Show,SOLRPractice_TestTransfer
ODS1Stage,Show,SOLRPracticeDelta
ODS1Stage,Show,SOLRPracticingSpecialty
ODS1Stage,Show,SOLRProcedureToSpecialtyMapping
ODS1Stage,Show,SOLRProvider
ODS1Stage,Show,SOLRProvider_ALT1
ODS1Stage,Show,SOLRProvider_DARTPLT_03192016
ODS1Stage,Show,SOLRProvider_Freeze
ODS1Stage,Show,SOLRProvider_HCA1
ODS1Stage,Show,SOLRProvider_MAP
ODS1Stage,Show,SOLRProvider_NWHLTH
ODS1Stage,Show,SOLRProvider_NYU
ODS1Stage,Show,SOLRProvider_ochener
ODS1Stage,Show,SOLRProvider_PAGE1SLN
ODS1Stage,Show,SOLRProvider_RWJB
ODS1Stage,Show,solrprovider_UCLA
ODS1Stage,Show,SOLRProvider_XfrToTest
ODS1Stage,Show,SOLRProviderAddress
ODS1Stage,Show,SOLRProviderDelta
ODS1Stage,Show,SOLRProviderDelta_PoweredByHealthgrades
ODS1Stage,Show,SOLRProviderMMPPreview
ODS1Stage,Show,SOLRProviderRedirect
ODS1Stage,Show,SOLRProviderSurveyQuestionAndAnswer
ODS1Stage,Show,solrprovidertelehealthxml
ODS1Stage,Show,SOLRSpecialty
ODS1Stage,Show,SOLRSpecialtyToListingsManagementCategoryMapping
ODS1Stage,Show,SOLRTeleMedMarket
ODS1Stage,Show,SOLRTreatmentEntryLevel
ODS1Stage,Show,temp_SOLRProviderHGMDCompare
ODS1Stage,Show,WebFreeze
ODS1Stage,Staging,Markets
ODS1Stage,Staging,MarketShareResults
ODS1Stage,Staging,PDFList
ODS1Stage,Staging,ProviderSurveyAggregate
ODS1Stage,Staging,ProviderToAuditID
ODS1Stage,stg,ClinicalFocusDCP
ODS1Stage,stg,ClinicalFocusProviderData
ODS1Stage,stg,ClinicalFocusToSpecialty
ODS1Stage,stg,HMSClaimsFacility
ODS1Stage,stg,OfficeDeletes
ODS1Stage,stg,ProviderToFacilityToMedicalTerm
ODS1Stage,stg,ProviderToSpecialtyExperienceScore
ODS1Stage,TeleHealth,ProviderList
ODS1Stage,temp,BatchProviders
ODS1Stage,temp,ClientMarket
ODS1Stage,temp,deleteme
ODS1Stage,temp,deleteme1
ODS1Stage,temp,df
ODS1Stage,temp,dignitydata_20200823
ODS1Stage,temp,dignitydata_20200827
ODS1Stage,temp,DoNotDelta
ODS1Stage,temp,DuplicateProviders
ODS1Stage,temp,DuplicateProvidersAfter1
ODS1Stage,temp,EDPandProductionDiff
ODS1Stage,temp,EDRCOM
ODS1Stage,temp,FailedCheckConstraintFK
ODS1Stage,temp,fuckit
ODS1Stage,temp,fuckup
ODS1Stage,temp,iuhstuff
ODS1Stage,temp,MarketShare
ODS1Stage,temp,mdga1315
ODS1Stage,temp,MissingProviderForSnowflake
ODS1Stage,temp,NewandProductionDiff
ODS1Stage,temp,NewPhoneNumberTest
ODS1Stage,temp,NoOARList
ODS1Stage,temp,NPI
ODS1Stage,temp,NYPRES_CURRENT
ODS1Stage,temp,NYPRES_OLD
ODS1Stage,temp,NYPresLogos
ODS1Stage,temp,NYPresLogosNew
ODS1Stage,temp,NYPresLogosOld
ODS1Stage,temp,OASMissingInEDP
ODS1Stage,temp,oasxml
ODS1Stage,temp,office
ODS1Stage,temp,office_missingofficecodes
ODS1Stage,temp,OfficePracticePCTCAHack
ODS1Stage,temp,Offices
ODS1Stage,temp,Partner
ODS1Stage,temp,PartnerToEntity
ODS1Stage,temp,pctcamissingstuff
ODS1Stage,temp,pctcatestshit
ODS1Stage,temp,pdfList
ODS1Stage,temp,PracticeOfficeBase
ODS1Stage,temp,Provider1
ODS1Stage,temp,ProviderConditionXMLLoads
ODS1Stage,temp,providerlist
ODS1Stage,temp,providermissinglist
ODS1Stage,temp,ProviderProcedureList
ODS1Stage,temp,ProviderProcedureXMLLoads
ODS1Stage,temp,reltio_id
ODS1Stage,temp,ReltioOfficeCode
ODS1Stage,temp,removemesoon
ODS1Stage,temp,resultsprior
ODS1Stage,temp,Sev1Providers
ODS1Stage,temp,SOLRFacility_IUHPDCHSP
ODS1Stage,temp,SOLRMarket_IUHPDCHSP
ODS1Stage,temp,SOLRPractice_IUHPDCHSP
ODS1Stage,temp,SOLRProvider_IUHPDCHSP
ODS1Stage,temp,SOLRProviderXMLData
ODS1Stage,temp,surveyupdates
ODS1Stage,temp,telehealthupdate20210921
ODS1Stage,temp,TEMPPCTCA
ODS1Stage,temp,TempProviderImage1
ODS1Stage,temp,xmltemp
ODS1Stage,tempx,Office
ODS1Stage,tempx,Practice
ODS1Stage,tmp,BadDCP
ODS1Stage,tmp,ClientProductToEntity20200929
ODS1Stage,tmp,NewCondition
ODS1Stage,tmp,Office20200929
ODS1Stage,tmp,OfficeDup
ODS1Stage,tmp,ProviderMatchLegacy
ODS1Stage,tmp,ProviderMatchNew
ODS1Stage,tmp,ProvidersWithBadDCP
ODS1Stage,tmp,SolrProviderXMLData
ODS1Stage,util,MergeProfiseeTemplate
ODS1Stage,util,TableIndexScripts
ODS1Stage,Utility,BackupLog
ODS1Stage,xfr,NoIndexNoFollow
ODS1Stage,xfr,NoIndexNoFollowSC
ODS1Stage,xfr,ProviderDeltaSurvey
ODS1Stage,xfr,SOLRFacilityDelta
ODS1Stage,xfr,SOLRMarket
ODS1Stage,xfr,SOLROfficeDelta
ODS1Stage,xfr,SOLRPracticeDelta
ODS1Stage,xfr,SOLRProvider
ODS1Stage,xfr,SOLRProviderDelta
ODS1Stage,xfr,SOLRProviderDeltaProcessing
ODS1Stage,xml,AddressXML
ODS1Stage,xml,AdXML
ODS1Stage,xml,AffiliationXML
ODS1Stage,xml,APIXML
ODS1Stage,xml,AvailabilityXML
ODS1Stage,xml,BoardActionXML
ODS1Stage,xml,ClinicalFocusDCPXML
ODS1Stage,xml,CLinicalFocusXML
ODS1Stage,xml,ConditionHierarchyXML
ODS1Stage,xml,DegreeXML
ODS1Stage,xml,FacilityXML
ODS1Stage,xml,NatlAdvertisingXML
ODS1Stage,xml,OASXML
ODS1Stage,xml,PracticeOfficeXML
ODS1Stage,xml,PracticingSpecialtyXML
ODS1Stage,xml,ProcedureHierarchyXML
ODS1Stage,xml,ProfessionalOrganizationXML
ODS1Stage,xml,ProviderSpecialtyFacility5StarXML
ODS1Stage,xml,ProviderTypeXML
ODS1Stage,xml,RecognitionXML
ODS1Stage,xml,SanctionXML
ODS1Stage,xml,SearchSponsorshipXML
ODS1Stage,xml,SOLRProviderXMLDat_TEST
ODS1Stage,xml,SolrProviderXMLData
ODS1Stage,xml,SOLRProviderXMLData_c
ODS1Stage,xml,SOLRProviderXMLData_temp
ODS1Stage,xml,SOLRProviderXMLData_test
ODS1Stage,xml,SOLRProviderXMLDatatemp
ODS1Stage,xml,SpecialtyXML
ODS1Stage,xml,SponsorshipXML
ODS1Stage,xml,SurveyXML
ODS1Stage,xml,VideoXML
ODS1Stage,xml,VideoXML2
